{
  "id": 0,
  "label": "icosahedron",
  "vertexCount": 60,
  "vertices": [
    [
      -0.5257311121191336,
      0.8506508083520399,
      0,
      1,
      0,
      0,
      -0.5257311121191337,
      0.85065080835204,
      0,
      3
    ],
    [
      0.5257311121191336,
      0.8506508083520399,
      0,
      1,
      1,
      0,
      0.5257311121191337,
      0.85065080835204,
      0,
      3
    ],
    [
      0,
      0.5257311121191336,
      -0.8506508083520399,
      1,
      0,
      1,
      0,
      0.5257311121191337,
      -0.85065080835204,
      3
    ],
    [
      0.5257311121191336,
      0.8506508083520399,
      0,
      1,
      0,
      0,
      0.5257311121191337,
      0.85065080835204,
      0,
      3
    ],
    [
      -0.5257311121191336,
      0.8506508083520399,
      0,
      1,
      1,
      0,
      -0.5257311121191337,
      0.85065080835204,
      0,
      3
    ],
    [
      0,
      0.5257311121191336,
      0.8506508083520399,
      1,
      0,
      1,
      0,
      0.5257311121191337,
      0.85065080835204,
      3
    ],
    [
      -0.8506508083520399,
      0,
      0.5257311121191336,
      1,
      0,
      0,
      -0.85065080835204,
      0,
      0.5257311121191337,
      3
    ],
    [
      0,
      -0.5257311121191336,
      0.8506508083520399,
      1,
      1,
      0,
      0,
      -0.5257311121191337,
      0.85065080835204,
      3
    ],
    [
      0,
      0.5257311121191336,
      0.8506508083520399,
      1,
      0,
      1,
      0,
      0.5257311121191337,
      0.85065080835204,
      3
    ],
    [
      0,
      -0.5257311121191336,
      0.8506508083520399,
      1,
      0,
      0,
      0,
      -0.5257311121191337,
      0.85065080835204,
      3
    ],
    [
      0.8506508083520399,
      0,
      0.5257311121191336,
      1,
      1,
      0,
      0.85065080835204,
      0,
      0.5257311121191337,
      3
    ],
    [
      0,
      0.5257311121191336,
      0.8506508083520399,
      1,
      0,
      1,
      0,
      0.5257311121191337,
      0.85065080835204,
      3
    ],
    [
      0.8506508083520399,
      0,
      -0.5257311121191336,
      1,
      0,
      0,
      0.85065080835204,
      0,
      -0.5257311121191337,
      3
    ],
    [
      0,
      -0.5257311121191336,
      -0.8506508083520399,
      1,
      1,
      0,
      0,
      -0.5257311121191337,
      -0.85065080835204,
      3
    ],
    [
      0,
      0.5257311121191336,
      -0.8506508083520399,
      1,
      0,
      1,
      0,
      0.5257311121191337,
      -0.85065080835204,
      3
    ],
    [
      0,
      -0.5257311121191336,
      -0.8506508083520399,
      1,
      0,
      0,
      0,
      -0.5257311121191337,
      -0.85065080835204,
      3
    ],
    [
      -0.8506508083520399,
      0,
      -0.5257311121191336,
      1,
      1,
      0,
      -0.85065080835204,
      0,
      -0.5257311121191337,
      3
    ],
    [
      0,
      0.5257311121191336,
      -0.8506508083520399,
      1,
      0,
      1,
      0,
      0.5257311121191337,
      -0.85065080835204,
      3
    ],
    [
      -0.5257311121191336,
      -0.8506508083520399,
      0,
      1,
      0,
      0,
      -0.5257311121191337,
      -0.85065080835204,
      0,
      3
    ],
    [
      0.5257311121191336,
      -0.8506508083520399,
      0,
      1,
      1,
      0,
      0.5257311121191337,
      -0.85065080835204,
      0,
      3
    ],
    [
      0,
      -0.5257311121191336,
      0.8506508083520399,
      1,
      0,
      1,
      0,
      -0.5257311121191337,
      0.85065080835204,
      3
    ],
    [
      0.5257311121191336,
      -0.8506508083520399,
      0,
      1,
      0,
      0,
      0.5257311121191337,
      -0.85065080835204,
      0,
      3
    ],
    [
      -0.5257311121191336,
      -0.8506508083520399,
      0,
      1,
      1,
      0,
      -0.5257311121191337,
      -0.85065080835204,
      0,
      3
    ],
    [
      0,
      -0.5257311121191336,
      -0.8506508083520399,
      1,
      0,
      1,
      0,
      -0.5257311121191337,
      -0.85065080835204,
      3
    ],
    [
      -0.8506508083520399,
      0,
      -0.5257311121191336,
      1,
      0,
      0,
      -0.85065080835204,
      0,
      -0.5257311121191337,
      3
    ],
    [
      -0.8506508083520399,
      0,
      0.5257311121191336,
      1,
      1,
      0,
      -0.85065080835204,
      0,
      0.5257311121191337,
      3
    ],
    [
      -0.5257311121191336,
      0.8506508083520399,
      0,
      1,
      0,
      1,
      -0.5257311121191337,
      0.85065080835204,
      0,
      3
    ],
    [
      -0.8506508083520399,
      0,
      0.5257311121191336,
      1,
      0,
      0,
      -0.85065080835204,
      0,
      0.5257311121191337,
      3
    ],
    [
      -0.8506508083520399,
      0,
      -0.5257311121191336,
      1,
      1,
      0,
      -0.85065080835204,
      0,
      -0.5257311121191337,
      3
    ],
    [
      -0.5257311121191336,
      -0.8506508083520399,
      0,
      1,
      0,
      1,
      -0.5257311121191337,
      -0.85065080835204,
      0,
      3
    ],
    [
      0.8506508083520399,
      0,
      0.5257311121191336,
      1,
      0,
      0,
      0.85065080835204,
      0,
      0.5257311121191337,
      3
    ],
    [
      0.8506508083520399,
      0,
      -0.5257311121191336,
      1,
      1,
      0,
      0.85065080835204,
      0,
      -0.5257311121191337,
      3
    ],
    [
      0.5257311121191336,
      0.8506508083520399,
      0,
      1,
      0,
      1,
      0.5257311121191337,
      0.85065080835204,
      0,
      3
    ],
    [
      0.8506508083520399,
      0,
      -0.5257311121191336,
      1,
      0,
      0,
      0.85065080835204,
      0,
      -0.5257311121191337,
      3
    ],
    [
      0.8506508083520399,
      0,
      0.5257311121191336,
      1,
      1,
      0,
      0.85065080835204,
      0,
      0.5257311121191337,
      3
    ],
    [
      0.5257311121191336,
      -0.8506508083520399,
      0,
      1,
      0,
      1,
      0.5257311121191337,
      -0.85065080835204,
      0,
      3
    ],
    [
      -0.5257311121191336,
      0.8506508083520399,
      0,
      1,
      0,
      0,
      -0.5257311121191337,
      0.85065080835204,
      0,
      3
    ],
    [
      -0.8506508083520399,
      0,
      0.5257311121191336,
      1,
      1,
      0,
      -0.85065080835204,
      0,
      0.5257311121191337,
      3
    ],
    [
      0,
      0.5257311121191336,
      0.8506508083520399,
      1,
      0,
      1,
      0,
      0.5257311121191337,
      0.85065080835204,
      3
    ],
    [
      0.8506508083520399,
      0,
      0.5257311121191336,
      1,
      0,
      0,
      0.85065080835204,
      0,
      0.5257311121191337,
      3
    ],
    [
      0.5257311121191336,
      0.8506508083520399,
      0,
      1,
      1,
      0,
      0.5257311121191337,
      0.85065080835204,
      0,
      3
    ],
    [
      0,
      0.5257311121191336,
      0.8506508083520399,
      1,
      0,
      1,
      0,
      0.5257311121191337,
      0.85065080835204,
      3
    ],
    [
      -0.8506508083520399,
      0,
      -0.5257311121191336,
      1,
      0,
      0,
      -0.85065080835204,
      0,
      -0.5257311121191337,
      3
    ],
    [
      -0.5257311121191336,
      0.8506508083520399,
      0,
      1,
      1,
      0,
      -0.5257311121191337,
      0.85065080835204,
      0,
      3
    ],
    [
      0,
      0.5257311121191336,
      -0.8506508083520399,
      1,
      0,
      1,
      0,
      0.5257311121191337,
      -0.85065080835204,
      3
    ],
    [
      0.5257311121191336,
      0.8506508083520399,
      0,
      1,
      0,
      0,
      0.5257311121191337,
      0.85065080835204,
      0,
      3
    ],
    [
      0.8506508083520399,
      0,
      -0.5257311121191336,
      1,
      1,
      0,
